{
  "docsets_to_publish": [
    {
      "docset_name": "live-share",
      "build_source_folder": "docs",
      "build_output_subfolder": "vslivesharedocs",
      "locale": "en-us",
      "monikers": [],
      "moniker_ranges": [],
      "open_to_public_contributors": true,
      "type_mapping": {
        "Conceptual": "Content",
        "ManagedReference": "Content",
        "RestApi": "Content"
      },
      "build_entry_point": "docs",
      "template_folder": "_themes"
    }
  ],
  "notification_subscribers": [
    "mikejo@microsoft.com",
    " clantz@microsoft.com",
    " mschulz@microsoft.com",
    "joncart@microsoft.com"
  ],
  "branches_to_filter": [],
  "git_repository_url_open_to_public_contributors": "https://github.com/microsoftdocs/live-share",
  "git_repository_branch_open_to_public_contributors": "master",
  "skip_source_output_uploading": false,
  "need_preview_pull_request": true,
  "contribution_branch_mappings": {},
  "dependent_repositories": [
    {
      "path_to_root": "_themes",
      "url": "https://github.com/Microsoft/templates.docs.msft",
      "branch": "master",
      "branch_mapping": {}
    }
  ],
  "branch_target_mapping": {},
  "need_generate_pdf_url_template": false,
  "targets": {}
}